#,"Country,Other",TotalCases,NewCases,TotalDeaths,NewDeaths,TotalRecovered,NewRecovered,ActiveCases,"Serious,Critical",Tot Cases/1M pop,Deaths/1M pop,TotalTests,"Tests/
1M pop
",Population,Continent,1 Caseevery X ppl,1 Deathevery X ppl,1 Testevery X ppl,New Cases/1M pop,New Deaths/1M pop,Active Cases/1M pop,Date
,"
North America
","124,656,575",,"1,611,890",,"119,889,083","+1,530","3,155,602","7,681",,,,,,North America,"
",,,,,,2023-03-02
,"
Asia
","214,377,751","+21,797","1,536,827",+50,"199,020,215","+31,624","13,820,709","15,485",,,,,,Asia,"
",,,,,,2023-03-02
,"
Europe
","246,390,097","+18,589","2,017,639",+68,"241,956,714","+36,714","2,415,744","6,489",,,,,,Europe,"
",,,,,,2023-03-02
,"
South America
","68,023,599",+248,"1,350,756",+9,"66,282,690",+319,"390,153","10,190",,,,,,South America,"
",,,,,,2023-03-02
,"
Oceania
","13,996,345",,"26,116",,"13,834,566",,"135,663",64,,,,,,Australia/Oceania,"
",,,,,,2023-03-02
,"
Africa
","12,795,069",,"258,590",,"12,076,113",,"460,366",548,,,,,,Africa,"
",,,,,,2023-03-02
,"

",721,,15,,706,,0,0,,,,,,,"
",,,,,,2023-03-02
,World,"680,240,157","+40,634","6,801,833",+127,"653,060,087","+70,185","20,378,237","40,457","87,268",872.6,,,,All,"
",,,,,,2023-03-02
1,USA,"105,345,992",,"1,146,142                                ",,"102,747,004",,"1,452,846","2,515","314,649","3,423","1,167,210,022","3,486,236","334,805,269 ",North America,3,292,0,,,"4,339",2023-03-02
2,India,"44,686,879",,"530,772                                ",,"44,153,668",,"2,439",N/A,"31,769",377,"918,794,368","653,188","1,406,631,776 ",Asia,31,"2,650",2,,,2,2023-03-02
3,France,"39,626,756",,"164,988                                ",,"39,390,773",,"70,995",869,"604,209","2,516","271,490,188","4,139,547","65,584,518 ",Europe,2,398,0,,,"1,082",2023-03-02
4,Germany,"38,189,954",,"168,175                                ",,"37,729,600","+13,900","292,179",N/A,"455,273","2,005","122,332,384","1,458,359","83,883,596 ",Europe,2,499,1,,,"3,483",2023-03-02
5,Brazil,"37,063,464",,"699,197                                ",,"36,241,001",,"123,266",N/A,"172,105","3,247","63,776,166","296,146","215,353,593 ",South America,6,308,3,,,572,2023-03-02
6,Japan,"33,219,038",,"72,486                                ",,"21,685,717",,"11,460,835",160,"264,515",577,"95,253,685","758,481","125,584,838 ",Asia,4,"1,733",1,,,"91,260",2023-03-02
7,S. Korea,"30,533,573","+7,561","34,003                                ",+15,"30,316,211","+12,040","183,359",129,"594,850",662,"15,804,065","307,892","51,329,899 ",Asia,2,"1,510",3,147,0.3,"3,572",2023-03-02
8,Italy,"25,576,852",,"188,094                                ",,"25,219,653",,"169,105",133,"424,422","3,121","267,663,187","4,441,601","60,262,770 ",Europe,2,320,0,,,"2,806",2023-03-02
9,UK,"24,341,615",,"206,246                                ",,"24,094,535","+3,210","40,834",N/A,"355,363","3,011","522,526,476","7,628,357","68,497,907 ",Europe,3,332,0,,,596,2023-03-02
10,Russia,"22,300,004","+14,096","396,176                                ",+39,"21,645,346","+13,937","258,482",N/A,"152,943","2,717","273,400,000","1,875,095","145,805,947 ",Europe,7,368,1,97,0.3,"1,773",2023-03-02
11,Turkey,"17,042,722",,"101,492                                ",,N/A,N/A,N/A,,"199,186","1,186","162,743,369","1,902,052","85,561,976 ",Asia,5,843,1,,,"1,819",2023-03-02
12,Spain,"13,763,336",,"119,380                                ",,"13,607,068",,"36,888",231,"294,597","2,555","471,036,328","10,082,298","46,719,142 ",Europe,3,391,0,,,790,2023-03-02
13,Vietnam,"11,526,926",,"43,186                                ",,"10,614,777",,"868,963",2,"116,488",436,"85,826,548","867,342","98,953,541 ",Asia,9,"2,291",1,,,"8,782",2023-03-02
14,Australia,"11,366,361",,"19,373                                ",,"11,314,814",,"32,174",36,"436,014",743,"78,835,048","3,024,116","26,068,792 ",Australia/Oceania,2,"1,346",0,,,"1,234",2023-03-02
15,Taiwan,"10,069,539","+14,103","18,010                                ",+35,"9,755,633","+19,583","295,896",,"421,521",754,"30,742,304","1,286,903","23,888,595 ",Asia,2,"1,326",1,590,1,"12,386",2023-03-02
16,Argentina,"10,044,125",,"130,463                                ",,"9,909,866",,"3,796",363,"218,302","2,836","35,716,069","776,264","46,010,234 ",South America,5,353,1,,,83,2023-03-02
17,Netherlands,"8,596,296",,"22,992                                ",,"8,559,002",+186,"14,302",53,"499,452","1,336","25,984,435","1,509,718","17,211,447 ",Europe,2,749,1,,,831,2023-03-02
18,Iran,"7,568,903",,"144,858                                ",,"7,339,457",,"84,588",301,"87,987","1,684","55,034,937","639,771","86,022,837 ",Asia,11,594,2,,,983,2023-03-02
19,Mexico,"7,451,429",,"332,988                                ",,"6,690,914",,"427,527",N/A,"56,638","2,531","19,572,325","148,768","131,562,772 ",North America,18,395,7,,,"3,250",2023-03-02
20,Indonesia,"6,736,298",,"160,916                                ",,"6,571,845",,"3,537",N/A,"24,133",576,"114,158,919","408,975","279,134,505 ",Asia,41,"1,735",2,,,13,2023-03-02
21,Poland,"6,425,500","+3,036","118,924                                ",+26,"5,335,940",,"970,636",696,"170,258","3,151","38,288,150","1,014,530","37,739,785 ",Europe,6,317,1,80,0.7,"25,719",2023-03-02
22,Colombia,"6,360,089",,"142,629                                ",,"6,183,658",,"33,802",342,"123,466","2,769","36,951,507","717,327","51,512,762 ",South America,8,361,1,,,656,2023-03-02
23,Austria,"5,919,616",,"21,891                                ",,"5,840,825",,"56,900",86,"652,896","2,414","211,273,524","23,302,116","9,066,710 ",Europe,2,414,0,,,"6,276",2023-03-02
24,Greece,"5,871,458",,"36,185                                ",,"5,806,578","+1,598","28,695",115,"569,125","3,507","102,228,365","9,909,078","10,316,637 ",Europe,2,285,0,,,"2,781",2023-03-02
25,Portugal,"5,568,084",,"26,180                                ",,"5,537,727",,"4,177",61,"549,090","2,582","45,980,330","4,534,294","10,140,570 ",Europe,2,387,0,,,412,2023-03-02
26,Ukraine,"5,389,439",,"111,235                                ",,"5,265,637",,"12,567",,"124,778","2,575","32,603,805","754,855","43,192,122 ",Europe,8,388,1,,,291,2023-03-02
27,Chile,"5,169,139",,"64,177                                ",,"5,099,538",,"5,424",85,"268,524","3,334","48,454,162","2,517,074","19,250,195 ",South America,4,300,0,,,282,2023-03-02
28,Malaysia,"5,043,008",,"36,960                                ",,"4,996,818",,"9,230",7,"151,984","1,114","68,198,303","2,055,338","33,181,072 ",Asia,7,898,0,,,278,2023-03-02
29,Israel,"4,799,640",,"12,292                                ",,"4,781,252",,"6,096",57,"514,652","1,318","41,373,364","4,436,346","9,326,000 ",Asia,2,759,0,,,654,2023-03-02
30,DPRK,"4,772,813",,74                                ,,"4,772,739",,0,,"183,636",3,,,"25,990,679 ",Asia,5,"351,225",,,,,2023-03-02
31,Thailand,"4,728,035",,"33,911                                ",,"4,692,636",,"1,488",N/A,"67,468",484,"17,270,775","246,450","70,078,203 ",Asia,15,"2,067",4,,,21,2023-03-02
32,Belgium,"4,717,655",,"33,717                                ",,"4,660,013",+558,"23,925",43,"404,315","2,890","36,709,556","3,146,099","11,668,278 ",Europe,2,346,0,,,"2,050",2023-03-02
33,Czechia,"4,611,985",+979,"42,446                                ",+1,"4,558,503",+173,"11,036",36,"429,550","3,953","57,008,620","5,309,655","10,736,784 ",Europe,2,253,0,91,0.09,"1,028",2023-03-02
34,Canada,"4,591,149",,"51,249                                ",,"4,502,066","+1,530","37,834",99,"119,597","1,335","66,343,123","1,728,207","38,388,419 ",North America,8,749,1,,,986,2023-03-02
35,Peru,"4,486,282",+248,"219,448                                ",+9,"4,264,923",+325,"1,911",36,"133,187","6,515","38,053,752","1,129,721","33,684,208 ",South America,8,153,1,7,0.3,57,2023-03-02
36,Switzerland,"4,389,655",,"14,452                                ",,"4,373,026","+1,777","2,177",39,"500,323","1,647","23,833,472","2,716,487","8,773,637 ",Europe,2,607,0,,,248,2023-03-02
37,Philippines,"4,076,418",,"66,118                                ",,"4,001,070",,"9,230",162,"36,232",588,"34,603,075","307,558","112,508,994 ",Asia,28,"1,702",3,,,82,2023-03-02
38,South Africa,"4,063,863",,"102,595                                ",,"3,912,506",,"48,762",192,"66,888","1,689","26,795,090","441,027","60,756,135 ",Africa,15,592,2,,,803,2023-03-02
39,Romania,"3,340,342",,"67,704                                ",,"3,263,301",,"9,337",115,"175,518","3,558","26,676,248","1,401,701","19,031,335 ",Europe,6,281,1,,,491,2023-03-02
40,Denmark,"3,175,264",,"8,269                                ",,"3,166,076",,919,19,"544,180","1,417","129,197,382","22,141,986","5,834,950 ",Europe,2,706,0,,,157,2023-03-02
41,Hong Kong,"2,883,453",,"13,460                                ",,"2,848,852",,"21,141",28,"379,187","1,770","76,127,725","10,011,143","7,604,299 ",Asia,3,565,0,,,"2,780",2023-03-02
42,Sweden,"2,697,827",,"23,633                                ",,"2,670,838",+191,"3,356",9,"264,002","2,313","19,469,139","1,905,196","10,218,971 ",Europe,4,432,1,,,328,2023-03-02
43,Serbia,"2,492,563",,"17,826                                ",,"2,461,477",+573,"13,260",16,"288,057","2,060","12,396,861","1,432,664","8,653,016 ",Europe,3,485,1,,,"1,532",2023-03-02
44,Iraq,"2,465,545",,"25,375                                ",,"2,439,497",,673,21,"58,474",602,"19,544,451","463,523","42,164,965 ",Asia,17,"1,662",2,,,16,2023-03-02
45,Singapore,"2,222,006",,"1,722                                ",,"2,149,583",,"70,701",1,"373,852",290,"24,756,666","4,165,302","5,943,546 ",Asia,3,"3,452",0,,,"11,895",2023-03-02
46,New Zealand,"2,216,852",,"3,904                                ",,"2,205,354",,"7,594",,"452,585",797,"7,768,604","1,586,011","4,898,203 ",Australia/Oceania,2,"1,255",1,,,"1,550",2023-03-02
47,Hungary,"2,195,926",,"48,751                                ",,"2,143,184",,"3,991",13,"228,593","5,075","11,394,556","1,186,160","9,606,259 ",Europe,4,197,1,,,415,2023-03-02
48,Bangladesh,"2,037,829",,"29,445                                ",,"1,998,448",,"9,936",N/A,"12,138",175,"15,254,399","90,862","167,885,689 ",Asia,82,"5,702",11,,,59,2023-03-02
49,Slovakia,"1,863,115",+93,"21,026                                ",+2,"1,840,899",+90,"1,190",20,"341,218","3,851","7,404,376","1,356,065","5,460,193 ",Europe,3,260,1,17,0.4,218,2023-03-02
50,Georgia,"1,825,598",,"16,965                                ",,"1,776,548",,"32,085",,"459,995","4,275","16,920,079","4,263,340","3,968,738 ",Asia,2,234,0,,,"8,084",2023-03-02
51,Jordan,"1,746,997",,"14,122                                ",,"1,731,007",,"1,868",59,"169,597","1,371","17,201,885","1,669,945","10,300,869 ",Asia,6,729,1,,,181,2023-03-02
52,Ireland,"1,703,850",,"8,691                                ",,"1,692,464",+276,"2,695",11,"339,399","1,731","13,024,205","2,594,360","5,020,199 ",Europe,3,578,0,,,537,2023-03-02
53,Pakistan,"1,577,031",+32,"30,643                                ",,"1,538,689",,"7,699",12,"6,872",134,"30,570,862","133,213","229,488,994 ",Asia,146,"7,489",8,0.1,,34,2023-03-02
54,Norway,"1,479,087",,"5,175                                ",,"1,473,220",,692,20,"268,370",939,"11,002,430","1,996,315","5,511,370 ",Europe,4,"1,065",1,,,126,2023-03-02
55,Finland,"1,462,169",,"8,892                                ",,"1,451,911",+47,"1,366",21,"263,219","1,601","12,047,792","2,168,835","5,554,960 ",Europe,4,625,0,,,246,2023-03-02
56,Kazakhstan,"1,408,038",+96,"13,846                                ",,"1,383,020",,"11,172",24,"73,316",721,"11,575,012","602,707","19,205,043 ",Asia,14,"1,387",2,5,,582,2023-03-02
57,Slovenia,"1,328,673",,"7,071                                ",,"1,317,563",,"4,039",6,"639,389","3,403","2,837,735","1,365,586","2,078,034 ",Europe,2,294,1,,,"1,944",2023-03-02
58,Lithuania,"1,305,543",+365,"9,589                                ",,"1,290,063",+335,"5,891",6,"490,491","3,603","10,380,567","3,899,965","2,661,708 ",Europe,2,278,0,137,,"2,213",2023-03-02
59,Bulgaria,"1,296,853",,"38,217                                ",,"1,255,662",,"2,974",27,"189,471","5,584","11,055,587","1,615,228","6,844,597 ",Europe,5,179,1,,,435,2023-03-02
60,Morocco,"1,272,459",,"16,296                                ",,"1,256,097",,66,3,"33,687",431,"12,984,777","343,760","37,772,756 ",Africa,30,"2,318",3,,,2,2023-03-02
61,Croatia,"1,268,992",,"17,971                                ",,"1,250,549",,472,10,"312,615","4,427","5,503,682","1,355,825","4,059,286 ",Europe,3,226,1,,,116,2023-03-02
62,Guatemala,"1,236,778",,"20,176                                ",,"1,215,452",,"1,150",5,"66,551","1,086","6,934,193","373,126","18,584,039 ",North America,15,921,3,,,62,2023-03-02
63,Lebanon,"1,232,063",,"10,832                                ",,"1,087,587",,"133,644",74,"184,307","1,620","4,795,578","717,380","6,684,849 ",Asia,5,617,1,,,"19,992",2023-03-02
64,Costa Rica,"1,204,164",,"9,230                                ",,"860,711",,"334,223",52,"232,358","1,781","4,659,757","899,158","5,182,354 ",North America,4,561,1,,,"64,493",2023-03-02
65,Bolivia,"1,193,256",,"22,365                                ",,"1,158,072",,"12,819",220,"99,499","1,865","2,705,422","225,590","11,992,656 ",South America,10,536,4,,,"1,069",2023-03-02
66,Tunisia,"1,150,962",,"29,331                                ",,N/A,N/A,N/A,44,"95,542","2,435","5,002,248","415,240","12,046,656 ",Africa,10,411,2,,,965,2023-03-02
67,Cuba,"1,112,603",,"8,530                                ",,"1,103,980",,93,2,"98,411",754,"14,318,158","1,266,460","11,305,652 ",North America,10,"1,325",1,,,8,2023-03-02
68,Ecuador,"1,057,121",,"36,014                                ",,"1,020,564",,543,759,"58,361","1,988","3,082,403","170,173","18,113,361 ",South America,17,503,6,,,30,2023-03-02
69,UAE,"1,052,029",,"2,349                                ",,"1,035,173",,"14,507",,"104,349",233,"199,225,612","19,760,946","10,081,785 ",Asia,10,"4,292",0,,,"1,439",2023-03-02
70,Uruguay,"1,034,303",,"7,617                                ",,"1,026,186",,500,18,"295,852","2,179","6,114,822","1,749,083","3,496,016 ",South America,3,459,1,,,143,2023-03-02
71,Panama,"1,031,273",,"8,604                                ",,"1,022,299",,370,16,"231,905","1,935","7,532,271","1,693,801","4,446,964 ",North America,4,517,1,,,83,2023-03-02
72,Mongolia,"1,007,897",,"2,179                                ",,"1,005,711",,7,192,"298,364",645,"4,030,048","1,193,000","3,378,078 ",Asia,3,"1,550",1,,,2,2023-03-02
73,Nepal,"1,001,149",+1,"12,020                                ",,"989,120",+3,9,,"33,123",398,"6,013,833","198,965","30,225,582 ",Asia,30,"2,515",5,0.03,,0.3,2023-03-02
74,Belarus,"994,037",,"7,118                                ",,"985,592",,"1,327",,"105,381",755,"13,646,641","1,446,722","9,432,800 ",Europe,9,"1,325",1,,,141,2023-03-02
75,Latvia,"976,051",+20,"6,242                                ",,"969,485",+18,324,13,"527,927","3,376","7,865,040","4,254,047","1,848,837 ",Europe,2,296,0,11,,175,2023-03-02
76,Saudi Arabia,"829,554",,"9,615                                ",,"816,776",,"3,163",38,"23,143",268,"45,148,294","1,259,546","35,844,909 ",Asia,43,"3,728",1,,,88,2023-03-02
77,Azerbaijan,"828,588",,"10,119                                ",,"818,310",,159,,"80,444",982,"7,526,899","730,752","10,300,205 ",Asia,12,"1,018",1,,,15,2023-03-02
78,Paraguay,"808,327",,"19,870                                ",,N/A,N/A,N/A,7,"110,641","2,720","2,657,506","363,751","7,305,843 ",South America,9,368,3,,,"12,338",2023-03-02
79,Bahrain,"707,828",,"1,549                                ",,"706,013",,266,6,"396,768",868,"10,739,428","6,019,916","1,783,983 ",Asia,3,"1,152",0,,,149,2023-03-02
80,Sri Lanka,"672,031",,"16,830                                ",,"655,199",,2,,"31,147",780,"6,486,117","300,619","21,575,842 ",Asia,32,"1,282",3,,,0.09,2023-03-02
81,Kuwait,"663,456",,"2,570                                ",,"660,237",,649,,"151,463",587,"8,455,743","1,930,391","4,380,326 ",Asia,7,"1,704",1,,,148,2023-03-02
82,Dominican Republic,"660,705",,"4,384                                ",,"644,785",,"11,536",4,"59,758",397,"3,740,928","338,350","11,056,370 ",North America,17,"2,522",3,,,"1,043",2023-03-02
83,Cyprus,"649,093",,"1,305                                ",,"642,855",,"4,933",60,"530,570","1,067","9,640,118","7,879,860","1,223,387 ",Asia,2,937,0,,,"4,032",2023-03-02
84,Myanmar,"633,925",,"19,490                                ",,"614,400",,35,,"11,479",353,"10,057,159","182,105","55,227,143 ",Asia,87,"2,834",5,,,0.6,2023-03-02
85,Palestine,"621,008",,"5,404                                ",,"615,445",,159,17,"116,173","1,011","3,078,533","575,907","5,345,541 ",Asia,9,989,2,,,30,2023-03-02
86,Estonia,"615,119",,"2,940                                ",,"524,990",,"87,189",3,"465,326","2,224","3,675,293","2,780,290","1,321,910 ",Europe,2,450,0,,,"65,957",2023-03-02
87,Moldova,"607,450",,"11,988                                ",,"504,142",,"91,320",49,"151,364","2,987","3,216,305","801,437","4,013,171 ",Europe,7,335,1,,,"22,755",2023-03-02
88,Venezuela,"551,986",,"5,854                                ",,"545,878",,254,36,"18,860",200,"3,359,014","114,771","29,266,991 ",South America,53,"4,999",9,,,9,2023-03-02
89,Egypt,"515,698",,"24,613                                ",,"442,182",,"48,903",122,"4,858",232,"3,693,367","34,792","106,156,692 ",Africa,206,"4,313",29,,,461,2023-03-02
90,Libya,"507,174",,"6,437                                ",,"500,734",,3,,"72,034",914,"2,483,676","352,758","7,040,745 ",Africa,14,"1,094",3,,,0.4,2023-03-02
91,Ethiopia,"499,986",,"7,572                                ",,"487,246",,"5,168",1,"4,139",63,"5,488,633","45,431","120,812,698 ",Africa,242,"15,955",22,,,43,2023-03-02
92,Qatar,"494,271",,686                                ,,"493,138",,447,30,"165,867",230,"4,065,369","1,364,257","2,979,915 ",Asia,6,"4,344",1,,,150,2023-03-02
93,Réunion,"486,588",,921                                ,,"418,572",,"67,095",10,"535,854","1,014","1,603,660","1,766,027","908,061 ",Africa,2,986,1,,,"73,888",2023-03-02
94,Honduras,"472,116",,"11,111                                ",,N/A,N/A,N/A,105,"46,190","1,087","1,633,222","159,787","10,221,247 ",North America,22,920,6,,,"32,135",2023-03-02
95,Armenia,"446,819",,"8,721                                ",,"435,162",,"2,936",,"150,345","2,934","3,242,901","1,091,164","2,971,966 ",Asia,7,341,1,,,988,2023-03-02
96,Bosnia and Herzegovina,"401,636",,"16,279                                ",,"379,084",,"6,273",,"123,606","5,010","1,884,721","580,036","3,249,317 ",Europe,8,200,2,,,"1,931",2023-03-02
97,Oman,"399,449",,"4,628                                ",,"384,669",,"10,152",2,"75,028",869,"25,000,000","4,695,724","5,323,993 ",Asia,13,"1,150",0,,,"1,907",2023-03-02
98,North Macedonia,"346,852",,"9,662                                ",,"337,068",,122,,"166,651","4,642","2,226,216","1,069,626","2,081,304 ",Europe,6,215,1,,,59,2023-03-02
99,Zambia,"343,012",,"4,057                                ",,"338,660",,295,,"17,617",208,"3,934,010","202,053","19,470,234 ",Africa,57,"4,799",5,,,15,2023-03-02
100,Kenya,"342,919",,"5,688                                ",,"337,216",,15,1,"6,100",101,"3,967,062","70,569","56,215,221 ",Africa,164,"9,883",14,,,0.3,2023-03-02
101,Albania,"334,408",,"3,596                                ",,"329,152",,"1,660",,"116,666","1,255","1,941,032","677,173","2,866,374 ",Europe,9,797,1,,,579,2023-03-02
102,Botswana,"329,727",,"2,801                                ",,"326,868",,58,1,"135,070","1,147","2,026,898","830,300","2,441,162 ",Africa,7,872,1,,,24,2023-03-02
103,Luxembourg,"297,757",,"1,133                                ",,"288,991",,"7,633",,"463,528","1,764","4,412,567","6,869,188","642,371 ",Europe,2,567,0,,,"11,883",2023-03-02
104,Montenegro,"288,361",,"2,804                                ",,"284,815",,742,6,"459,210","4,465","2,717,787","4,328,031","627,950 ",Europe,2,224,0,,,"1,182",2023-03-02
105,Brunei ,"278,698",,225                                ,,"243,601",,"34,872",3,"625,682",505,"717,784","1,611,437","445,431 ",Asia,2,"1,980",1,,,"78,288",2023-03-02
106,Algeria,"271,448",,"6,881                                ",,"182,794",,"81,773",,"5,986",152,"230,861","5,091","45,350,148 ",Africa,167,"6,591",196,,,"1,803",2023-03-02
107,Nigeria,"266,598",,"3,155                                ",,"259,917",,"3,526",11,"1,230",15,"5,708,974","26,339","216,746,934 ",Africa,813,"68,700",38,,,16,2023-03-02
108,Zimbabwe,"264,127",,"5,668                                ",,"257,839",,620,12,"17,228",370,"2,525,756","164,744","15,331,428 ",Africa,58,"2,705",6,,,40,2023-03-02
109,Uzbekistan,"251,071",,"1,637                                ",,"241,486",,"7,948",23,"7,302",48,"1,377,915","40,077","34,382,084 ",Asia,137,"21,003",25,,,231,2023-03-02
110,Mozambique,"233,098",,"2,242                                ",,"228,805",,"2,051",11,"7,044",68,"1,371,127","41,437","33,089,461 ",Africa,142,"14,759",24,,,62,2023-03-02
111,Martinique,"229,807",,"1,098                                ",,N/A,N/A,N/A,12,"614,314","2,935","828,928","2,215,870","374,087 ",North America,2,341,0,,,"611,101",2023-03-02
112,Laos,"218,017",+2,758                                ,,N/A,N/A,N/A,,"29,143",101,"1,233,207","164,845","7,481,023 ",Asia,34,"9,869",6,0.3,,"28,017",2023-03-02
113,Afghanistan,"209,340",,"7,896                                ",,"191,053",,"10,391",45,"5,137",194,"1,201,044","29,470","40,754,388 ",Asia,195,"5,161",34,,,255,2023-03-02
114,Iceland,"209,093",,229                                ,,N/A,N/A,N/A,2,"605,377",663,"1,996,384","5,780,036","345,393 ",Europe,2,"1,508",0,,,"385,587",2023-03-02
115,Kyrgyzstan,"206,673",,"2,991                                ",,"196,406",,"7,276",131,"30,717",445,"1,907,195","283,460","6,728,271 ",Asia,33,"2,250",4,,,"1,081",2023-03-02
116,Guadeloupe,"201,852",,"1,010                                ",,N/A,N/A,N/A,19,"504,890","2,526","938,039","2,346,306","399,794 ",North America,2,396,0,,,"496,736",2023-03-02
117,El Salvador,"201,785",,"4,230                                ",,"179,410",,"18,145",8,"30,805",646,"2,610,114","398,467","6,550,389 ",North America,32,"1,549",3,,,"2,770",2023-03-02
118,Trinidad and Tobago,"189,296",,"4,347                                ",,"184,553",,396,8,"134,578","3,090","898,169","638,546","1,406,585 ",North America,7,324,2,,,282,2023-03-02
119,Maldives,"185,732",,311                                ,,"163,687",,"21,734",25,"343,322",575,"2,213,831","4,092,223","540,985 ",Asia,3,"1,740",0,,,"40,175",2023-03-02
120,Ghana,"171,172",,"1,462                                ",,"169,697",,13,2,"5,284",45,"2,529,956","78,096","32,395,450 ",Africa,189,"22,158",13,,,0.4,2023-03-02
121,Namibia,"171,156",,"4,090                                ",,"166,776",,290,,"64,983","1,553","1,062,663","403,460","2,633,874 ",Africa,15,644,2,,,110,2023-03-02
122,Uganda,"170,504",,"3,630                                ",,"100,431",,"66,443",3,"3,520",75,"3,012,408","62,198","48,432,863 ",Africa,284,"13,342",16,,,"1,372",2023-03-02
123,Jamaica,"154,196",,"3,502                                ",,"102,393",,"48,301",,"51,655","1,173","1,183,986","396,633","2,985,094 ",North America,19,852,3,,,"16,181",2023-03-02
124,Cambodia,"138,719",+2,"3,056                                ",,"135,657",+1,6,,"8,080",178,"3,091,420","180,062","17,168,639 ",Asia,124,"5,618",6,0.1,,0.3,2023-03-02
125,Rwanda,"133,180",,"1,468                                ",,"131,634",,78,,"9,792",108,"6,021,981","442,778","13,600,464 ",Africa,102,"9,265",2,,,6,2023-03-02
126,Cameroon,"124,392",,"1,965                                ",,"122,344",,83,13,"4,457",70,"1,751,774","62,762","27,911,548 ",Africa,224,"14,204",16,,,3,2023-03-02
127,Malta,"117,477",,827                                ,,"116,028",,622,4,"264,568","1,862","2,117,102","4,767,893","444,033 ",Europe,4,537,0,,,"1,401",2023-03-02
128,Barbados,"106,645",,575                                ,,"106,057",,13,,"370,266","1,996","794,426","2,758,203","288,023 ",North America,3,501,0,,,45,2023-03-02
129,Angola,"105,277",,"1,933                                ",,"103,317",,27,,"3,006",55,"1,499,795","42,818","35,027,343 ",Africa,333,"18,121",23,,,0.8,2023-03-02
130,Channel Islands,"101,382",,227                                ,,"101,029",,126,,"574,523","1,286","1,252,808","7,099,551","176,463 ",Europe,2,777,0,,,714,2023-03-02
131,French Guiana,"98,041",,420                                ,,"11,254",,"86,367",6,"312,065","1,337","651,257","2,072,951","314,169 ",South America,3,748,0,,,"274,906",2023-03-02
132,DRC,"95,749",,"1,464                                ",,"84,321",,"9,964",,"1,005",15,"846,704","8,890","95,240,792 ",Africa,995,"65,055",112,,,105,2023-03-02
133,Senegal,"88,921",,"1,971                                ",,"86,947",,3,,"5,037",112,"1,146,543","64,946","17,653,671 ",Africa,199,"8,957",15,,,0.2,2023-03-02
134,Malawi,"88,702",,"2,686                                ",,"85,580",,436,67,"4,395",133,"624,784","30,959","20,180,839 ",Africa,228,"7,513",32,,,22,2023-03-02
135,Ivory Coast,"88,208",,834                                ,,"87,342",,32,,"3,180",30,"1,679,087","60,524","27,742,298 ",Africa,315,"33,264",17,,,1,2023-03-02
136,Suriname,"82,467",,"1,404                                ",,N/A,N/A,N/A,,"138,175","2,352","241,357","404,398","596,831 ",South America,7,425,2,,,"52,464",2023-03-02
137,New Caledonia,"79,881",,314                                ,,"79,558",,9,9,"274,585","1,079","98,964","340,182","290,915 ",Australia/Oceania,4,926,3,,,31,2023-03-02
138,French Polynesia,"77,957",,649                                ,,N/A,N/A,N/A,7,"274,338","2,284",,,"284,164 ",Australia/Oceania,4,438,,,,"154,164",2023-03-02
139,Eswatini,"74,199",,"1,423                                ",,"72,726",,50,,"62,625","1,201","1,048,704","885,119","1,184,817 ",Africa,16,833,1,,,42,2023-03-02
140,Guyana,"73,069",,"1,298                                ",,"71,752",,19,,"92,021","1,635","721,841","909,068","794,045 ",South America,11,612,1,,,24,2023-03-02
141,Belize,"70,757",,688                                ,,"70,056",,13,6,"171,661","1,669","576,016","1,397,453","412,190 ",North America,6,599,1,,,32,2023-03-02
142,Fiji,"68,889",,883                                ,,"66,850",,"1,156",,"75,747",971,"668,445","734,986","909,466 ",Australia/Oceania,13,"1,030",1,,,"1,271",2023-03-02
143,Madagascar,"67,865",,"1,422                                ",,"66,433",,10,,"2,326",49,"525,461","18,009","29,178,077 ",Africa,430,"20,519",56,,,0.3,2023-03-02
144,Sudan,"63,809",,"5,013                                ",,"58,460",,336,,"1,387",109,"562,941","12,240","45,992,020 ",Africa,721,"9,175",82,,,7,2023-03-02
145,Mauritania,"63,668",,997                                ,,"62,441",,230,,"12,988",203,"1,009,957","206,030","4,901,981 ",Africa,77,"4,917",5,,,47,2023-03-02
146,Cabo Verde,"63,244",,413                                ,,"62,773",,58,23,"111,408",728,"401,622","707,482","567,678 ",Africa,9,"1,375",1,,,102,2023-03-02
147,Bhutan,"62,620",,21                                ,,"61,564",,"1,035",,"79,473",27,"2,303,734","2,923,739","787,941 ",Asia,13,"37,521",0,,,"1,314",2023-03-02
148,Syria,"57,467",,"3,164                                ",,"54,303",,0,,"2,968",163,"146,269","7,553","19,364,809 ",Asia,337,"6,120",132,,,,2023-03-02
149,Burundi,"53,631",,38                                ,,"53,569",,24,,"4,248",3,"345,742","27,386","12,624,840 ",Africa,235,"332,233",37,,,2,2023-03-02
150,Seychelles,"50,665",,172                                ,,"50,440",,53,,"509,575","1,730",,,"99,426 ",Africa,2,578,,,,533,2023-03-02
151,Gabon,"48,981",,306                                ,,"48,674",,1,,"21,008",131,"1,621,909","695,641","2,331,533 ",Africa,48,"7,619",1,,,0.4,2023-03-02
152,Andorra,"47,875",,165                                ,,"47,563",,147,14,"618,037","2,130","249,838","3,225,256","77,463 ",Europe,2,469,0,,,"1,898",2023-03-02
153,Papua New Guinea,"46,809",,670                                ,,"43,982",,"2,157",7,"5,037",72,"249,149","26,813","9,292,169 ",Australia/Oceania,199,"13,869",37,,,232,2023-03-02
154,Curaçao,"45,986",,295                                ,,"44,720",,971,3,"277,812","1,782","496,693","3,000,640","165,529 ",North America,4,561,0,,,"5,866",2023-03-02
155,Aruba,"44,044",,236                                ,,"42,438",,"1,370",2,"409,297","2,193","177,885","1,653,068","107,609 ",North America,2,456,1,,,"12,731",2023-03-02
156,Tanzania,"42,846",,846                                ,,N/A,N/A,N/A,7,677,13,,,"63,298,550 ",Africa,"1,477","74,821",,,,661,2023-03-02
157,Mayotte,"42,004",,188                                ,,N/A,N/A,N/A,,"146,734",657,"176,919","618,038","286,259 ",Africa,7,"1,523",2,,,"135,723",2023-03-02
158,Mauritius,"41,717",,"1,043                                ",,"40,012",,662,,"32,726",818,"358,675","281,374","1,274,727 ",Africa,31,"1,222",4,,,519,2023-03-02
159,Togo,"39,377",,290                                ,,"39,074",,13,,"4,536",33,"808,297","93,113","8,680,837 ",Africa,220,"29,934",11,,,1,2023-03-02
160,Guinea,"38,267",,467                                ,,"37,757",,43,8,"2,760",34,"660,107","47,607","13,865,691 ",Africa,362,"29,691",21,,,3,2023-03-02
161,Isle of Man,"38,008",,116                                ,,N/A,N/A,N/A,,"443,335","1,353","150,753","1,758,422","85,732 ",Europe,2,739,1,,,"129,450",2023-03-02
162,Bahamas,"37,491",,833                                ,,"36,366",,292,1,"93,607","2,080","257,839","643,767","400,516 ",North America,11,481,2,,,729,2023-03-02
163,Lesotho,"34,790",,723                                ,,"25,980",,"8,087",,"15,990",332,"431,221","198,199","2,175,699 ",Africa,63,"3,009",5,,,"3,717",2023-03-02
164,Faeroe Islands,"34,658",,28                                ,,N/A,N/A,N/A,5,"703,959",569,"778,000","15,802,409","49,233 ",Europe,1,"1,758",0,,,"547,133",2023-03-02
165,Haiti,"34,143",,860                                ,,"33,044",,239,,"2,923",74,"132,422","11,337","11,680,283 ",North America,342,"13,582",88,,,20,2023-03-02
166,Mali,"33,034",,743                                ,,"32,111",,180,,"1,538",35,"796,014","37,069","21,473,764 ",Africa,650,"28,901",27,,,8,2023-03-02
167,Cayman Islands,"31,472",,37                                ,,"8,553",,"22,882",1,"467,797",550,"222,773","3,311,280","67,277 ",North America,2,"1,818",0,,,"340,116",2023-03-02
168,Saint Lucia,"29,882",,409                                ,,"29,095",,378,,"161,426","2,209","210,983","1,139,752","185,113 ",North America,6,453,1,,,"2,042",2023-03-02
169,Benin,"27,990",,163                                ,,"27,825",,2,,"2,189",13,"604,310","47,268","12,784,726 ",Africa,457,"78,434",21,,,0.2,2023-03-02
170,Somalia,"27,324",,"1,361                                ",,"13,182",,"12,781",,"1,622",81,"400,466","23,778","16,841,795 ",Africa,616,"12,375",42,,,759,2023-03-02
171,Congo,"25,375",,386                                ,,"24,006",,983,,"4,377",67,"347,815","59,991","5,797,805 ",Africa,228,"15,020",17,,,170,2023-03-02
172,Solomon Islands,"24,575",,153                                ,,N/A,N/A,N/A,1,"34,077",212,,,"721,159 ",Australia/Oceania,29,"4,713",,,,"11,183",2023-03-02
173,Micronesia,"23,671",,60                                ,,N/A,N/A,N/A,1,"201,474",511,"54,967","467,848","117,489 ",Australia/Oceania,5,"1,958",2,,,"137,834",2023-03-02
174,San Marino,"23,536",,122                                ,,"23,276",,138,4,"690,509","3,579","157,634","4,624,732","34,085 ",Europe,1,279,0,,,"4,049",2023-03-02
175,Timor-Leste,"23,418",,138                                ,,"23,102",,178,,"17,101",101,"278,529","203,391","1,369,429 ",Asia,58,"9,923",5,,,130,2023-03-02
176,Burkina Faso,"22,056",,396                                ,,"21,596",,64,,998,18,"248,995","11,265","22,102,838 ",Africa,"1,002","55,815",89,,,3,2023-03-02
177,Liechtenstein,"21,421",,89                                ,,"21,294",,38,3,"558,027","2,318","112,457","2,929,559","38,387 ",Europe,2,431,0,,,990,2023-03-02
178,Gibraltar,"20,423",,111                                ,,"16,579",,"3,733",,"605,952","3,293","534,283","15,852,213","33,704 ",Europe,2,304,0,,,"110,758",2023-03-02
179,Grenada,"19,680",,238                                ,,"19,358",,84,4,"173,430","2,097","182,981","1,612,523","113,475 ",North America,6,477,1,,,740,2023-03-02
180,Bermuda,"18,814",,160                                ,,"18,638",,16,,"303,750","2,583","1,027,859","16,594,698","61,939 ",North America,3,387,0,,,258,2023-03-02
181,Nicaragua,"18,491",,225                                ,,"4,225",,"14,041",,"2,728",33,,,"6,779,100 ",North America,367,"30,129",,,,"2,071",2023-03-02
182,South Sudan,"18,368",,138                                ,,"18,115",,115,1,"1,581",12,"410,280","35,313","11,618,511 ",Africa,633,"84,192",28,,,10,2023-03-02
183,Tajikistan,"17,786",,125                                ,,"17,264",,397,,"1,786",13,,,"9,957,464 ",Asia,560,"79,660",,,,40,2023-03-02
184,Equatorial Guinea,"17,229",,183                                ,,"16,907",,139,5,"11,512",122,"365,697","244,342","1,496,662 ",Africa,87,"8,178",4,,,93,2023-03-02
185,Tonga,"16,807",,13                                ,,"15,638",,"1,156",,"155,983",121,"535,009","4,965,327","107,749 ",Australia/Oceania,6,"8,288",0,,,"10,729",2023-03-02
186,Samoa,"16,607",,29                                ,,"1,605",,"14,973",,"82,116",143,"187,397","926,612","202,239 ",Australia/Oceania,12,"6,974",1,,,"74,036",2023-03-02
187,Monaco,"16,115",,67                                ,,"15,992",,56,4,"405,073","1,684","78,646","1,976,875","39,783 ",Europe,2,594,1,,,"1,408",2023-03-02
188,Dominica,"15,760",,74                                ,,"15,673",,13,,"217,848","1,023","229,344","3,170,187","72,344 ",North America,5,978,0,,,180,2023-03-02
189,Djibouti,"15,690",,189                                ,,"15,427",,74,,"15,441",186,"305,941","301,094","1,016,097 ",Africa,65,"5,376",3,,,73,2023-03-02
190,Marshall Islands,"15,618",,17                                ,,"15,528",,73,,"260,053",283,,,"60,057 ",Australia/Oceania,4,"3,533",,,,"1,216",2023-03-02
191,CAR,"15,368",,113                                ,,"15,200",,55,2,"3,063",23,"81,294","16,205","5,016,678 ",Africa,326,"44,395",62,,,11,2023-03-02
192,Gambia,"12,586",,372                                ,,"12,189",,25,,"4,919",145,"155,686","60,851","2,558,482 ",Africa,203,"6,878",16,,,10,2023-03-02
193,Saint Martin,"12,257",,63                                ,,"1,399",,"10,795",7,"308,507","1,586","112,382","2,828,643","39,730 ",North America,3,631,0,,,"271,709",2023-03-02
194,Vanuatu,"12,014",,14                                ,,"11,976",,24,,"37,330",44,"24,976","77,606","321,832 ",Australia/Oceania,27,"22,988",13,,,75,2023-03-02
195,Greenland,"11,971",,21                                ,,"2,761",,"9,189",4,"210,117",369,"164,926","2,894,810","56,973 ",North America,5,"2,713",0,,,"161,287",2023-03-02
196,Yemen,"11,945",,"2,159                                ",,"9,124",,662,23,383,69,"329,592","10,579","31,154,867 ",Asia,"2,608","14,430",95,,,21,2023-03-02
197,Caribbean Netherlands,"11,672",,38                                ,,"10,476",,"1,158",,"438,023","1,426","30,126","1,130,559","26,647 ",North America,2,701,1,,,"43,457",2023-03-02
198,Sint Maarten,"11,020",,91                                ,,"10,905",,24,N/A,"250,648","2,070","62,056","1,411,454","43,966 ",North America,4,483,1,,,546,2023-03-02
199,Eritrea,"10,189",,103                                ,,"10,086",,0,,"2,782",28,"23,693","6,470","3,662,244 ",Africa,359,"35,556",155,,,,2023-03-02
200,Niger,"9,931",,312                                ,,"8,890",,729,1,381,12,"254,538","9,759","26,083,660 ",Africa,"2,626","83,601",102,,,28,2023-03-02
201,St. Vincent Grenadines,"9,589",,123                                ,,"9,466",,0,,"85,961","1,103","113,703","1,019,292","111,551 ",North America,12,907,1,,,,2023-03-02
202,Antigua and Barbuda,"9,106",,146                                ,,"8,954",,6,1,"91,509","1,467","18,901","189,943","99,509 ",North America,11,682,5,,,60,2023-03-02
203,Comoros,"9,001",,161                                ,,"8,838",,2,,"9,919",177,,,"907,419 ",Africa,101,"5,636",,,,2,2023-03-02
204,Guinea-Bissau,"8,960",,176                                ,,"8,660",,124,6,"4,342",85,"145,231","70,385","2,063,367 ",Africa,230,"11,724",14,,,60,2023-03-02
205,Liberia,"8,090",,295                                ,,"7,783",,12,2,"1,525",56,"139,824","26,356","5,305,117 ",Africa,656,"17,983",38,,,2,2023-03-02
206,Sierra Leone,"7,760",,126                                ,,N/A,N/A,N/A,,934,15,"259,958","31,296","8,306,436 ",Africa,"1,070","65,924",32,,,330,2023-03-02
207,Chad,"7,678",,194                                ,,"4,874",,"2,610",,441,11,"191,341","10,988","17,413,580 ",Africa,"2,268","89,761",91,,,150,2023-03-02
208,British Virgin Islands,"7,305",,64                                ,,N/A,N/A,N/A,,"238,757","2,092","107,339","3,508,269","30,596 ",North America,4,478,0,,,392,2023-03-02
209,Cook Islands,"7,028",,2                                ,,"7,012",,14,,"399,977",114,"19,690","1,120,596","17,571 ",Australia/Oceania,3,"8,786",1,,,797,2023-03-02
210,Saint Kitts and Nevis,"6,596",,47                                ,,"6,547",,2,,"122,441",872,"126,931","2,356,203","53,871 ",North America,8,"1,146",0,,,37,2023-03-02
211,Turks and Caicos,"6,551",,38                                ,,"6,491",,22,4,"164,842",956,"611,527","15,387,811","39,741 ",North America,6,"1,046",0,,,554,2023-03-02
212,Sao Tome and Principe,"6,281",,77                                ,,"6,204",,0,,"27,587",338,"29,036","127,530","227,679 ",Africa,36,"2,957",8,,,,2023-03-02
213,Palau,"5,989",,9                                ,,"5,976",,4,,"328,470",494,"69,136","3,791,806","18,233 ",Australia/Oceania,3,"2,026",0,,,219,2023-03-02
214,St. Barth,"5,439",,6                                ,,N/A,N/A,N/A,,"546,908",603,"78,646","7,908,095","9,945 ",North America,2,"1,658",0,,,"499,849",2023-03-02
215,Nauru,"5,247",,1                                ,,"5,075",,171,,"481,244",92,"20,509","1,881,042","10,903 ",Australia/Oceania,2,"10,903",1,,,"15,684",2023-03-02
216,Kiribati,"5,013",,18                                ,,"2,703",,"2,292",3,"40,618",146,,,"123,419 ",Australia/Oceania,25,"6,857",,,,"18,571",2023-03-02
217,Anguilla,"3,904",,12                                ,,"3,879",,13,4,"256,336",788,"51,382","3,373,736","15,230 ",North America,4,"1,269",0,,,854,2023-03-02
218,Macao,"3,514",,121                                ,,"3,391",,2,,"5,264",181,"7,850","11,760","667,490 ",Asia,190,"5,516",85,,,3,2023-03-02
219,Saint Pierre Miquelon,"3,452",,2                                ,,"2,449",,"1,001",1,"599,410",347,"25,400","4,410,488","5,759 ",North America,2,"2,880",0,,,"173,815",2023-03-02
220,Wallis and Futuna,"3,427",,7                                ,,438,,"2,982",,"312,056",637,"20,508","1,867,419","10,982 ",Australia/Oceania,3,"1,569",1,,,"271,535",2023-03-02
221,Tuvalu,"2,805",, ,,,,"2,805",,"232,471",,,,"12,066 ",Australia/Oceania,4,,,,,"232,471",2023-03-02
222,Saint Helena,"2,166",, ,,2,,"2,164",,"354,211",,,,"6,115 ",Africa,3,,,,,"353,884",2023-03-02
223,Falkland Islands,"1,930",, ,,"1,930",,0,,"545,352",,"8,632","2,439,107","3,539 ",South America,2,,0,,,,2023-03-02
224,Montserrat,"1,403",,8                                ,,"1,376",,19,,"282,578","1,611","17,762","3,577,442","4,965 ",North America,4,621,0,,,"3,827",2023-03-02
225,Niue,790,, ,,783,,7,,"487,053",,,,"1,622 ",Australia/Oceania,2,,,,,"4,316",2023-03-02
226,Diamond Princess,712,,13                                ,,699,,0,,,,,, ,,,,,,,,2023-03-02
227,Vatican City,29,, ,,29,,0,,"36,295",,,,799 ,Europe,28,,,,,,2023-03-02
228,Western Sahara,10,,1                                ,,9,,0,,16,2,,,"626,161 ",Africa,"62,616","626,161",,,,,2023-03-02
229,MS Zaandam,9,,2                                ,,7,,0,,,,,, ,,,,,,,,2023-03-02
230,Tokelau,5,, ,,,,5,,"3,628",,,,"1,378 ",Australia/Oceania,276,,,,,"3,628",2023-03-02
231,China,"503,302",,"5,272                                ",,"379,053",,"118,977",N/A,347,4,"160,000,000","110,461","1,448,471,400                                ",Asia,"2,878","274,748",9,,,82,2023-03-02
,Total:,"124,656,575",,"1,611,890",,"119,889,083",,"3,155,602","7,681",,,,,,North America, ,,,,,,2023-03-02
,Total:,"214,377,751","+21,797","1,536,827",+50,"199,020,215","+31,624","13,820,709","15,485",,,,,,Asia, ,,,,,,2023-03-02
,Total:,"246,390,097","+18,589","2,017,639",+68,"241,956,714","+36,714","2,415,744","6,489",,,,,,Europe, ,,,,,,2023-03-02
,Total:,"68,023,599",+248,"1,350,756",+9,"66,282,690",+319,"390,153","10,190",,,,,,South America, ,,,,,,2023-03-02
,Total:,"13,996,345",,"26,116",,"13,834,566",,"135,663",64,,,,,,Australia/Oceania, ,,,,,,2023-03-02
,Total:,"12,795,069",,"258,590",,"12,076,113",,"460,366",548,,,,,,Africa, ,,,,,,2023-03-02
,Total:,721,,15,,706,,0,0,,,,,,, ,,,,,,2023-03-02
,Total:,"680,240,157","+40,634","6,801,833",+127,"653,060,087","+70,185","20,378,237","40,457","87,268.5",872.6,,,,All,"
",,,,,,2023-03-02
